{
  "$schema": "./node_modules/@biomejs/biome/configuration_schema.json",
  "assist": {
    "actions": {
      "source": {
        "organizeImports": "on"
      }
    }
  },
  "vcs": {
    "enabled": true,
    "clientKind": "git",
    "useIgnoreFile": true
  },
  "formatter": {
    "indentStyle": "space"
  },
  "javascript": {
    "formatter": {
      "quoteStyle": "single"
    }
  },
  "css": {
    "parser": {
      "cssModules": true
    }
  },
  "linter": {
    "enabled": true,
    "rules": {
      "recommended": true
    }
  }
}
